{
  "summary": {
    "timings": {
      "setup": {
        "total_time": 1.154952584009152,
        "call_count": 1,
        "avg_time": 1.154952584009152,
        "min_time": 1.154952584009152,
        "max_time": 1.154952584009152
      },
      "dataload": {
        "total_time": 3.0353516197792487,
        "call_count": 4686,
        "avg_time": 0.0006477489585529767,
        "min_time": 6.649999704677612e-05,
        "max_time": 0.06804216600721702
      },
      "compute": {
        "total_time": 247.7510444412328,
        "call_count": 9372,
        "avg_time": 0.026435237349683397,
        "min_time": 0.003169542003888637,
        "max_time": 2.6958190419973107
      },
      "batch": {
        "total_time": 568.7941083588958,
        "call_count": 4686,
        "avg_time": 0.12138158522383606,
        "min_time": 0.06096441700356081,
        "max_time": 4.185339667004882
      },
      "epoch": {
        "total_time": 697.0963981151581,
        "call_count": 3,
        "avg_time": 232.36546603838602,
        "min_time": 223.5463900566101,
        "max_time": 245.27696704864502
      }
    },
    "memory": {
      "peak_rss_mb": 68.921875,
      "peak_vms_mb": 425811.328125,
      "sample_count": 5
    },
    "epochs": 3,
    "total_batches": 0
  },
  "overhead_breakdown": {
    "setup": 0.07609226147902562,
    "dataload": 0.19997943840367768,
    "compute": 16.3226936900594,
    "batch": 37.47411852245474,
    "epoch": 45.92711608760315
  },
  "epoch_data": [
    {
      "epoch": 1,
      "timings": {
        "setup": {
          "total_time": 1.154952584009152,
          "call_count": 1,
          "avg_time": 1.154952584009152,
          "min_time": 1.154952584009152,
          "max_time": 1.154952584009152
        },
        "dataload": {
          "total_time": 1.1127215161832282,
          "call_count": 1562,
          "avg_time": 0.0007123697286704406,
          "min_time": 6.649999704677612e-05,
          "max_time": 0.06789966599899344
        },
        "compute": {
          "total_time": 107.70042786993145,
          "call_count": 3124,
          "avg_time": 0.03447516897244925,
          "min_time": 0.003169542003888637,
          "max_time": 2.6958190419973107
        },
        "batch": {
          "total_time": 199.46855616607354,
          "call_count": 1562,
          "avg_time": 0.12770074018314567,
          "min_time": 0.06096441700356081,
          "max_time": 4.185339667004882
        }
      },
      "memory": {
        "peak_rss_mb": 68.921875,
        "peak_vms_mb": 425633.546875,
        "sample_count": 1
      },
      "metrics": {
        "train_loss": 1.8847156323482988,
        "train_acc": 32.16029129321383,
        "lr": 0.1
      }
    },
    {
      "epoch": 2,
      "timings": {
        "setup": {
          "total_time": 1.154952584009152,
          "call_count": 1,
          "avg_time": 1.154952584009152,
          "min_time": 1.154952584009152,
          "max_time": 1.154952584009152
        },
        "dataload": {
          "total_time": 2.1930912662210176,
          "call_count": 3124,
          "avg_time": 0.0007020138496226048,
          "min_time": 6.649999704677612e-05,
          "max_time": 0.06804216600721702
        },
        "compute": {
          "total_time": 186.86820066977816,
          "call_count": 6248,
          "avg_time": 0.02990848282166744,
          "min_time": 0.003169542003888637,
          "max_time": 2.6958190419973107
        },
        "batch": {
          "total_time": 390.4113323040947,
          "call_count": 3124,
          "avg_time": 0.12497161725483184,
          "min_time": 0.06096441700356081,
          "max_time": 4.185339667004882
        },
        "epoch": {
          "total_time": 228.27304100990295,
          "call_count": 1,
          "avg_time": 228.27304100990295,
          "min_time": 228.27304100990295,
          "max_time": 228.27304100990295
        }
      },
      "memory": {
        "peak_rss_mb": 68.921875,
        "peak_vms_mb": 425809.6875,
        "sample_count": 2
      },
      "metrics": {
        "train_loss": 1.376476531450025,
        "train_acc": 50.04201344430218,
        "lr": 0.1
      }
    },
    {
      "epoch": 3,
      "timings": {
        "setup": {
          "total_time": 1.154952584009152,
          "call_count": 1,
          "avg_time": 1.154952584009152,
          "min_time": 1.154952584009152,
          "max_time": 1.154952584009152
        },
        "dataload": {
          "total_time": 3.0353516197792487,
          "call_count": 4686,
          "avg_time": 0.0006477489585529767,
          "min_time": 6.649999704677612e-05,
          "max_time": 0.06804216600721702
        },
        "compute": {
          "total_time": 247.7510444412328,
          "call_count": 9372,
          "avg_time": 0.026435237349683397,
          "min_time": 0.003169542003888637,
          "max_time": 2.6958190419973107
        },
        "batch": {
          "total_time": 568.7941083588958,
          "call_count": 4686,
          "avg_time": 0.12138158522383606,
          "min_time": 0.06096441700356081,
          "max_time": 4.185339667004882
        },
        "epoch": {
          "total_time": 451.81943106651306,
          "call_count": 2,
          "avg_time": 225.90971553325653,
          "min_time": 223.5463900566101,
          "max_time": 228.27304100990295
        }
      },
      "memory": {
        "peak_rss_mb": 68.921875,
        "peak_vms_mb": 425811.328125,
        "sample_count": 3
      },
      "metrics": {
        "train_loss": 1.0881652098993333,
        "train_acc": 61.67973751600512,
        "lr": 0.1
      }
    }
  ],
  "batch_data": []
}