{
  "epochs": [
    1,
    2,
    3
  ],
  "train_loss": [
    1.8847156323482988,
    1.376476531450025,
    1.0881652098993333
  ],
  "train_acc": [
    32.16029129321383,
    50.04201344430218,
    61.67973751600512
  ],
  "test_loss": [
    0,
    0,
    1.0117323649957919
  ],
  "test_acc": [
    0,
    0,
    64.84
  ],
  "lr": [
    0.1,
    0.1,
    0.1
  ],
  "total_time": 698.0433058738708,
  "best_acc": 64.84
}