{
  "epochs": [
    1,
    2,
    3
  ],
  "train_loss": [
    2.4348050921233657,
    1.7110855050922669,
    1.4445687434107988
  ],
  "train_acc": [
    18.975515463917525,
    34.7313949742268,
    46.12999355670103
  ],
  "test_loss": [
    0,
    0,
    1.3685945510864257
  ],
  "test_acc": [
    0,
    0,
    49.74
  ],
  "lr": [
    0.1,
    0.1,
    0.1
  ],
  "total_time": 440.7568328380585,
  "best_acc": 49.74
}