{
  "summary": {
    "timings": {
      "oram_init": {
        "total_time": 2.3687494580080966,
        "call_count": 1,
        "avg_time": 2.3687494580080966,
        "min_time": 2.3687494580080966,
        "max_time": 2.3687494580080966
      },
      "serialize": {
        "total_time": 0.03487287586904131,
        "call_count": 5000,
        "avg_time": 6.9745751738082614e-06,
        "min_time": 4.375004209578037e-06,
        "max_time": 5.466700531542301e-05
      },
      "oram_write": {
        "total_time": 2.2202311270229984,
        "call_count": 5000,
        "avg_time": 0.0004440462254045997,
        "min_time": 0.0002929159963969141,
        "max_time": 0.0006800839910283685
      },
      "io": {
        "total_time": 5.913610819217865,
        "call_count": 14728,
        "avg_time": 0.000401521647149502,
        "min_time": 0.00020541599951684475,
        "max_time": 0.003980000008596107
      },
      "setup": {
        "total_time": 5.926528416006477,
        "call_count": 1,
        "avg_time": 5.926528416006477,
        "min_time": 5.926528416006477,
        "max_time": 5.926528416006477
      },
      "shuffle": {
        "total_time": 0.00047454099694732577,
        "call_count": 2,
        "avg_time": 0.00023727049847366288,
        "min_time": 5.308300023898482e-05,
        "max_time": 0.00042145799670834094
      },
      "oram_read": {
        "total_time": 3.669247160854866,
        "call_count": 9728,
        "avg_time": 0.0003771841242655084,
        "min_time": 0.00020370801212266088,
        "max_time": 0.003977333006332628
      },
      "deserialize": {
        "total_time": 0.017953213551663794,
        "call_count": 9728,
        "avg_time": 1.8455194851628078e-06,
        "min_time": 1.0829971870407462e-06,
        "max_time": 4.67080099042505e-05
      },
      "dataload": {
        "total_time": 5.059784225100884,
        "call_count": 9728,
        "avg_time": 0.0005201258455079034,
        "min_time": 0.00032787499367259443,
        "max_time": 0.004308292001951486
      },
      "transfer": {
        "total_time": 0.004779708062415011,
        "call_count": 38,
        "avg_time": 0.00012578179111618452,
        "min_time": 9.200000204145908e-05,
        "max_time": 0.0005405830015661195
      },
      "compute": {
        "total_time": 0.31778203988505993,
        "call_count": 76,
        "avg_time": 0.004181342630066578,
        "min_time": 0.0035583330027293414,
        "max_time": 0.010168125008931383
      },
      "batch": {
        "total_time": 16.549890916008735,
        "call_count": 38,
        "avg_time": 0.43552344515812463,
        "min_time": 0.4274077909940388,
        "max_time": 0.47484358299698215
      },
      "epoch": {
        "total_time": 51.10789084434509,
        "call_count": 2,
        "avg_time": 25.553945422172546,
        "min_time": 10.86377501487732,
        "max_time": 40.24411582946777
      }
    },
    "memory": {
      "peak_rss_mb": 136.859375,
      "peak_vms_mb": 425877.671875,
      "sample_count": 4
    },
    "epochs": 2,
    "total_batches": 38
  },
  "overhead_breakdown": {
    "oram_init": 2.5418004334401547,
    "serialize": 0.03742054302094576,
    "oram_write": 2.382431971403998,
    "io": 6.345634610139078,
    "setup": 6.359495912779294,
    "shuffle": 0.000509208986897302,
    "oram_read": 3.937307085107553,
    "deserialize": 0.019264800603114998,
    "dataload": 5.429430999127273,
    "transfer": 0.0051288936378185565,
    "compute": 0.3409978729445607,
    "batch": 17.758957057059305,
    "epoch": 54.84162061175001
  },
  "epoch_data": [
    {
      "epoch": 1,
      "timings": {
        "oram_init": {
          "total_time": 2.3687494580080966,
          "call_count": 1,
          "avg_time": 2.3687494580080966,
          "min_time": 2.3687494580080966,
          "max_time": 2.3687494580080966
        },
        "serialize": {
          "total_time": 0.03487287586904131,
          "call_count": 5000,
          "avg_time": 6.9745751738082614e-06,
          "min_time": 4.375004209578037e-06,
          "max_time": 5.466700531542301e-05
        },
        "oram_write": {
          "total_time": 2.2202311270229984,
          "call_count": 5000,
          "avg_time": 0.0004440462254045997,
          "min_time": 0.0002929159963969141,
          "max_time": 0.0006800839910283685
        },
        "io": {
          "total_time": 4.086812733337865,
          "call_count": 9864,
          "avg_time": 0.00041431597053303583,
          "min_time": 0.00020541599951684475,
          "max_time": 0.003980000008596107
        },
        "setup": {
          "total_time": 5.926528416006477,
          "call_count": 1,
          "avg_time": 5.926528416006477,
          "min_time": 5.926528416006477,
          "max_time": 5.926528416006477
        },
        "shuffle": {
          "total_time": 0.00042145799670834094,
          "call_count": 1,
          "avg_time": 0.00042145799670834094,
          "min_time": 0.00042145799670834094,
          "max_time": 0.00042145799670834094
        },
        "oram_read": {
          "total_time": 1.8504068443289725,
          "call_count": 4864,
          "avg_time": 0.0003804290387189499,
          "min_time": 0.00020370801212266088,
          "max_time": 0.003977333006332628
        },
        "deserialize": {
          "total_time": 0.009038433359819464,
          "call_count": 4864,
          "avg_time": 1.8582305427260412e-06,
          "min_time": 1.0829971870407462e-06,
          "max_time": 4.67080099042505e-05
        },
        "dataload": {
          "total_time": 2.5516431329597253,
          "call_count": 4864,
          "avg_time": 0.0005245976835854698,
          "min_time": 0.00032787499367259443,
          "max_time": 0.004308292001951486
        },
        "transfer": {
          "total_time": 0.0026231240190099925,
          "call_count": 19,
          "avg_time": 0.00013805915889526275,
          "min_time": 9.370800398755819e-05,
          "max_time": 0.0005405830015661195
        },
        "compute": {
          "total_time": 0.16813891594938468,
          "call_count": 38,
          "avg_time": 0.004424708314457492,
          "min_time": 0.0036232089914847165,
          "max_time": 0.010168125008931383
        },
        "batch": {
          "total_time": 8.277087623020634,
          "call_count": 19,
          "avg_time": 0.4356361906852965,
          "min_time": 0.4274077909940388,
          "max_time": 0.47484358299698215
        }
      },
      "memory": {
        "peak_rss_mb": 76.796875,
        "peak_vms_mb": 425638.890625,
        "sample_count": 1
      },
      "metrics": {
        "train_loss": 3.8747321931939376,
        "train_acc": 14.514802631578947,
        "lr": 0.1
      }
    },
    {
      "epoch": 2,
      "timings": {
        "oram_init": {
          "total_time": 2.3687494580080966,
          "call_count": 1,
          "avg_time": 2.3687494580080966,
          "min_time": 2.3687494580080966,
          "max_time": 2.3687494580080966
        },
        "serialize": {
          "total_time": 0.03487287586904131,
          "call_count": 5000,
          "avg_time": 6.9745751738082614e-06,
          "min_time": 4.375004209578037e-06,
          "max_time": 5.466700531542301e-05
        },
        "oram_write": {
          "total_time": 2.2202311270229984,
          "call_count": 5000,
          "avg_time": 0.0004440462254045997,
          "min_time": 0.0002929159963969141,
          "max_time": 0.0006800839910283685
        },
        "io": {
          "total_time": 5.913610819217865,
          "call_count": 14728,
          "avg_time": 0.000401521647149502,
          "min_time": 0.00020541599951684475,
          "max_time": 0.003980000008596107
        },
        "setup": {
          "total_time": 5.926528416006477,
          "call_count": 1,
          "avg_time": 5.926528416006477,
          "min_time": 5.926528416006477,
          "max_time": 5.926528416006477
        },