{
  "epochs": [
    1,
    2,
    3
  ],
  "train_loss": [
    2.0163540268555664,
    1.4389778699630347,
    1.1491342107454936
  ],
  "train_acc": [
    27.20753205128205,
    46.96514423076923,
    58.67788461538461
  ],
  "test_loss": [
    0,
    0,
    1.2366896294340302
  ],
  "test_acc": [
    0,
    0,
    57.43
  ],
  "lr": [
    0.1,
    0.1,
    0.1
  ],
  "total_time": 455.2710950374603,
  "best_acc": 57.43
}