total_time,best_acc,epochs,num_workers
101.29702496528625,25.28,2,0
98.68471217155457,29.56,2,1
110.64318013191223,24.02,2,2
128.311870098114,30.4,2,4
