{
  "epochs": [
    1,
    2
  ],
  "train_loss": [
    2.8837211437714405,
    2.8932280907264123
  ],
  "train_acc": [
    13.481570512820513,
    14.643429487179487
  ],
  "test_loss": [
    0,
    18.59747856478148
  ],
  "test_acc": [
    0,
    11.06
  ],
  "lr": [
    0.1,
    0.1
  ],
  "oram_config": {
    "num_samples": 5000,
    "block_size": 4096,
    "backend": "file",
    "total_size_mb": 19.53125,
    "storage_path": "/var/folders/8r/0twg94tn14b7_41wwk7fg_740000gn/T/oram_cifar_i7nciuzd/oram.bin",
    "tree_height": null
  },
  "total_time": 60.56045699119568,
  "best_acc": 11.06
}