{
  "summary": {
    "timings": {
      "oram_init": {
        "total_time": 4.000386667001294,
        "call_count": 1,
        "avg_time": 4.000386667001294,
        "min_time": 4.000386667001294,
        "max_time": 4.000386667001294
      },
      "serialize": {
        "total_time": 0.09519330320472363,
        "call_count": 5000,
        "avg_time": 1.9038660640944727e-05,
        "min_time": 5.083988071419299e-06,
        "max_time": 0.003218833007849753
      },
      "oram_write": {
        "total_time": 4.34537893642846,
        "call_count": 5000,
        "avg_time": 0.000869075787285692,
        "min_time": 0.0003970840043621138,
        "max_time": 0.06838137500744779
      },
      "io": {
        "total_time": 15.406291364779463,
        "call_count": 14984,
        "avg_time": 0.001028182819325912,
        "min_time": 0.00037508399691432714,
        "max_time": 0.146135624992894
      },
      "setup": {
        "total_time": 10.345594500002335,
        "call_count": 1,
        "avg_time": 10.345594500002335,
        "min_time": 10.345594500002335,
        "max_time": 10.345594500002335
      },
      "shuffle": {
        "total_time": 0.0015794989885762334,
        "call_count": 2,
        "avg_time": 0.0007897494942881167,
        "min_time": 0.0006430409994209185,
        "max_time": 0.0009364579891553149
      },
      "oram_read": {
        "total_time": 11.000753026717575,
        "call_count": 9984,
        "avg_time": 0.0011018382438619367,
        "min_time": 0.00037345899909269065,
        "max_time": 0.14611800000420772
      },
      "deserialize": {
        "total_time": 0.06404746109910775,
        "call_count": 9984,
        "avg_time": 6.415010126112555e-06,
        "min_time": 1.7089914763346314e-06,
        "max_time": 0.0016055830055847764
      },
      "dataload": {
        "total_time": 15.245940862441785,
        "call_count": 9984,
        "avg_time": 0.0015270373459977749,
        "min_time": 0.0005282499914756045,
        "max_time": 0.15294400000129826
      },
      "transfer": {
        "total_time": 0.022689500998239964,
        "call_count": 78,
        "avg_time": 0.0002908910384389739,
        "min_time": 0.0001363749906886369,
        "max_time": 0.0032655419927323237
      },
      "compute": {
        "total_time": 8.419865759045933,
        "call_count": 156,
        "avg_time": 0.05397349845542265,
        "min_time": 0.01949099999910686,
        "max_time": 1.261853375006467
      },
      "batch": {
        "total_time": 10.534092662957846,
        "call_count": 78,
        "avg_time": 0.13505247003792112,
        "min_time": 0.0770898750051856,
        "max_time": 1.4076413750008214
      },
      "epoch": {
        "total_time": 59.79987692832947,
        "call_count": 2,
        "avg_time": 29.899938464164734,
        "min_time": 13.744896650314331,
        "max_time": 46.05498027801514
      }
    },
    "memory": {
      "peak_rss_mb": 208.71875,
      "peak_vms_mb": 425872.328125,
      "sample_count": 4
    },
    "epochs": 2,
    "total_batches": 78
  },
  "overhead_breakdown": {
    "oram_init": 2.8721554523389754,
    "serialize": 0.06834588443185505,
    "oram_write": 3.119849365485825,
    "io": 11.06124668114736,
    "setup": 7.427820889410092,
    "shuffle": 0.0011340320348092138,
    "oram_read": 7.898204702598352,
    "deserialize": 0.045984121015522635,
    "dataload": 10.946119917683845,
    "transfer": 0.016290368763726422,
    "compute": 6.045206466487356,
    "batch": 7.563156813548241,
    "epoch": 42.93448530505405
  },
  "epoch_data": [
    {
      "epoch": 1,
      "timings": {
        "oram_init": {
          "total_time": 4.000386667001294,
          "call_count": 1,
          "avg_time": 4.000386667001294,
          "min_time": 4.000386667001294,
          "max_time": 4.000386667001294
        },
        "serialize": {
          "total_time": 0.09519330320472363,
          "call_count": 5000,
          "avg_time": 1.9038660640944727e-05,
          "min_time": 5.083988071419299e-06,
          "max_time": 0.003218833007849753
        },
        "oram_write": {
          "total_time": 4.34537893642846,
          "call_count": 5000,
          "avg_time": 0.000869075787285692,
          "min_time": 0.0003970840043621138,
          "max_time": 0.06838137500744779
        },
        "io": {
          "total_time": 10.316439714137232,
          "call_count": 9992,
          "avg_time": 0.0010324699473716204,
          "min_time": 0.00037508399691432714,
          "max_time": 0.146135624992894
        },
        "setup": {
          "total_time": 10.345594500002335,
          "call_count": 1,
          "avg_time": 10.345594500002335,
          "min_time": 10.345594500002335,
          "max_time": 10.345594500002335
        },
        "shuffle": {
          "total_time": 0.0009364579891553149,
          "call_count": 1,
          "avg_time": 0.0009364579891553149,
          "min_time": 0.0009364579891553149,
          "max_time": 0.0009364579891553149
        },
        "oram_read": {
          "total_time": 5.931866418992286,
          "call_count": 4992,
          "avg_time": 0.0011882745230353136,
          "min_time": 0.00037345899909269065,
          "max_time": 0.14611800000420772
        },
        "deserialize": {
          "total_time": 0.03524707353790291,
          "call_count": 4992,
          "avg_time": 7.060711846535038e-06,
          "min_time": 1.7089914763346314e-06,
          "max_time": 0.0016055830055847764
        },
        "dataload": {
          "total_time": 8.203716708085267,
          "call_count": 4992,
          "avg_time": 0.0016433727379978498,
          "min_time": 0.0005282499914756045,
          "max_time": 0.15294400000129826
        },
        "transfer": {
          "total_time": 0.013523540997994132,
          "call_count": 39,
          "avg_time": 0.00034675746148702904,
          "min_time": 0.00014275001012720168,
          "max_time": 0.0032655419927323237
        },
        "compute": {
          "total_time": 4.282641333993524,
          "call_count": 78,
          "avg_time": 0.054905658128122106,
          "min_time": 0.019928541005356237,
          "max_time": 1.261853375006467
        },
        "batch": {
          "total_time": 5.354904416002682,
          "call_count": 39,
          "avg_time": 0.1373052414359662,
          "min_time": 0.0770898750051856,
          "max_time": 1.4076413750008214
        }
      },
      "memory": {
        "peak_rss_mb": 58.40625,
        "peak_vms_mb": 425634.140625,
        "sample_count": 1
      },
      "metrics": {
        "train_loss": 2.8837211437714405,
        "train_acc": 13.481570512820513,
        "lr": 0.1
      }
    },
    {
      "epoch": 2,
      "timings": {
        "oram_init": {
          "total_time": 4.000386667001294,
          "call_count": 1,
          "avg_time": 4.000386667001294,
          "min_time": 4.000386667001294,
          "max_time": 4.000386667001294
        },
        "serialize": {
          "total_time": 0.09519330320472363,
          "call_count": 5000,
          "avg_time": 1.9038660640944727e-05,
          "min_time": 5.083988071419299e-06,
          "max_time": 0.003218833007849753
        },
        "oram_write": {
          "total_time": 4.34537893642846,
          "call_count": 5000,
          "avg_time": 0.000869075787285692,
          "min_time": 0.0003970840043621138,
          "max_time": 0.06838137500744779
        },
        "io": {
          "total_time": 15.406291364779463,
          "call_count": 14984,
          "avg_time": 0.001028182819325912,
          "min_time": 0.00037508399691432714,
          "max_time": 0.146135624992894
        },
        "setup": {
          "total_time": 10.345594500002335,
          "call_count": 1,
          "avg_time": 10.345594500002335,
          "min_time": 10.345594500002335,
          "max_time": 10.345594500002335
        },
        "shuffle": {
          "total_time": 0.0015794989885762334,