{
  "epochs": [
    1,
    2,
    3
  ],
  "train_loss": [
    2.019124420483907,
    1.4462360314833813,
    1.1526437076238485
  ],
  "train_acc": [
    28.36738782051282,
    46.50841346153846,
    58.6338141025641
  ],
  "test_loss": [
    0,
    0,
    1.388633910613724
  ],
  "test_acc": [
    0,
    0,
    50.15
  ],
  "lr": [
    0.1,
    0.1,
    0.1
  ],
  "total_time": 409.5860879421234,
  "best_acc": 50.15
}