{
  "epochs": [
    1,
    2
  ],
  "train_loss": [
    2.618364821641873,
    1.8824178454203484
  ],
  "train_acc": [
    16.486378205128204,
    26.97315705128205
  ],
  "test_loss": [
    0,
    1.7594354605372948
  ],
  "test_acc": [
    0,
    33.69
  ],
  "lr": [
    0.1,
    0.1
  ],
  "oram_config": {
    "num_samples": 10000,
    "block_size": 8192,
    "backend": "file",
    "total_size_mb": 78.125,
    "storage_path": "/var/folders/8r/0twg94tn14b7_41wwk7fg_740000gn/T/oram_cifar_3j4tw7oy/oram.bin",
    "tree_height": null
  },
  "total_time": 122.39381504058838,
  "best_acc": 33.69
}