{
  "summary": {
    "timings": {
      "setup": {
        "total_time": 1.3851007080083946,
        "call_count": 1,
        "avg_time": 1.3851007080083946,
        "min_time": 1.3851007080083946,
        "max_time": 1.3851007080083946
      },
      "dataload": {
        "total_time": 0.3607087706623133,
        "call_count": 1170,
        "avg_time": 0.0003082980945831738,
        "min_time": 6.354200013447553e-05,
        "max_time": 0.03410320800321642
      },
      "compute": {
        "total_time": 27.46845499778283,
        "call_count": 2340,
        "avg_time": 0.011738655981958473,
        "min_time": 0.003346292010974139,
        "max_time": 0.3624551670072833
      },
      "batch": {
        "total_time": 297.5197932539304,
        "call_count": 1170,
        "avg_time": 0.2542904215845559,
        "min_time": 0.21836395900754724,
        "max_time": 0.6094152080040658
      },
      "epoch": {
        "total_time": 404.96192693710327,
        "call_count": 3,
        "avg_time": 134.98730897903442,
        "min_time": 116.19567394256592,
        "max_time": 161.39577913284302
      }
    },
    "memory": {
      "peak_rss_mb": 282.078125,
      "peak_vms_mb": 425781.21875,
      "sample_count": 5
    },
    "epochs": 3,
    "total_batches": 0
  },
  "overhead_breakdown": {
    "setup": 0.18930002856826408,
    "dataload": 0.04929762882684592,
    "compute": 3.7540803248039727,
    "batch": 40.661668163880336,
    "epoch": 55.34565385392058
  },
  "epoch_data": [
    {
      "epoch": 1,
      "timings": {
        "setup": {
          "total_time": 1.3851007080083946,
          "call_count": 1,
          "avg_time": 1.3851007080083946,
          "min_time": 1.3851007080083946,
          "max_time": 1.3851007080083946
        },
        "dataload": {
          "total_time": 0.07687929693202022,
          "call_count": 390,
          "avg_time": 0.00019712640238979544,
          "min_time": 6.354200013447553e-05,
          "max_time": 0.003656959001091309
        },
        "compute": {
          "total_time": 6.139520437893225,
          "call_count": 780,
          "avg_time": 0.007871180048581058,
          "min_time": 0.0033814170019468293,
          "max_time": 0.3624551670072833
        },
        "batch": {
          "total_time": 90.4555732170993,
          "call_count": 390,
          "avg_time": 0.23193736722333153,
          "min_time": 0.21836395900754724,
          "max_time": 0.6094152080040658
        }
      },
      "memory": {
        "peak_rss_mb": 282.078125,
        "peak_vms_mb": 425368.984375,
        "sample_count": 1
      },
      "metrics": {
        "train_loss": 1.9009149334369562,
        "train_acc": 31.802884615384617,
        "lr": 0.1
      }
    },
    {
      "epoch": 2,
      "timings": {
        "setup": {
          "total_time": 1.3851007080083946,
          "call_count": 1,
          "avg_time": 1.3851007080083946,
          "min_time": 1.3851007080083946,
          "max_time": 1.3851007080083946
        },
        "dataload": {
          "total_time": 0.27377018085098825,
          "call_count": 780,
          "avg_time": 0.00035098741134742084,
          "min_time": 6.354200013447553e-05,
          "max_time": 0.03410320800321642
        },
        "compute": {
          "total_time": 20.77247538775555,
          "call_count": 1560,
          "avg_time": 0.013315689351125351,
          "min_time": 0.0033814170019468293,
          "max_time": 0.3624551670072833
        },
        "batch": {
          "total_time": 192.16145092100487,
          "call_count": 780,
          "avg_time": 0.2463608345141088,
          "min_time": 0.21836395900754724,
          "max_time": 0.6094152080040658
        },
        "epoch": {
          "total_time": 116.19567394256592,
          "call_count": 1,
          "avg_time": 116.19567394256592,
          "min_time": 116.19567394256592,
          "max_time": 116.19567394256592
        }
      },
      "memory": {
        "peak_rss_mb": 282.078125,
        "peak_vms_mb": 425781.21875,
        "sample_count": 2
      },
      "metrics": {
        "train_loss": 1.3416595601118528,
        "train_acc": 50.88741987179487,
        "lr": 0.1
      }
    },
    {
      "epoch": 3,
      "timings": {
        "setup": {
          "total_time": 1.3851007080083946,
          "call_count": 1,
          "avg_time": 1.3851007080083946,
          "min_time": 1.3851007080083946,
          "max_time": 1.3851007080083946
        },
        "dataload": {
          "total_time": 0.3607087706623133,
          "call_count": 1170,
          "avg_time": 0.0003082980945831738,
          "min_time": 6.354200013447553e-05,
          "max_time": 0.03410320800321642
        },
        "compute": {
          "total_time": 27.46845499778283,
          "call_count": 2340,
          "avg_time": 0.011738655981958473,
          "min_time": 0.003346292010974139,
          "max_time": 0.3624551670072833
        },
        "batch": {
          "total_time": 297.5197932539304,
          "call_count": 1170,
          "avg_time": 0.2542904215845559,
          "min_time": 0.21836395900754724,
          "max_time": 0.6094152080040658
        },
        "epoch": {
          "total_time": 243.56614780426025,
          "call_count": 2,
          "avg_time": 121.78307390213013,
          "min_time": 116.19567394256592,
          "max_time": 127.37047386169434
        }
      },
      "memory": {
        "peak_rss_mb": 282.078125,
        "peak_vms_mb": 425781.21875,
        "sample_count": 3
      },
      "metrics": {
        "train_loss": 1.011311042920137,
        "train_acc": 63.88621794871795,
        "lr": 0.1
      }
    }
  ],
  "batch_data": []
}