{
  "epochs": [
    1,
    2,
    3
  ],
  "train_loss": [
    1.9009149334369562,
    1.3416595601118528,
    1.011311042920137
  ],
  "train_acc": [
    31.802884615384617,
    50.88741987179487,
    63.88621794871795
  ],
  "test_loss": [
    0,
    0,
    0.9631933539728575
  ],
  "test_acc": [
    0,
    0,
    65.88
  ],
  "lr": [
    0.1,
    0.1,
    0.1
  ],
  "total_time": 405.3775691986084,
  "best_acc": 65.88
}