{
  "epochs": [
    1,
    2
  ],
  "train_loss": [
    2.558380675621522,
    1.8961300253868103
  ],
  "train_acc": [
    17.978766025641026,
    28.315304487179485
  ],
  "test_loss": [
    0,
    1.7468962126140353
  ],
  "test_acc": [
    0,
    35.78
  ],
  "lr": [
    0.1,
    0.1
  ],
  "oram_config": {
    "num_samples": 10000,
    "block_size": 4096,
    "backend": "file",
    "total_size_mb": 39.0625,
    "storage_path": "/var/folders/8r/0twg94tn14b7_41wwk7fg_740000gn/T/oram_cifar_p95wuzbh/oram.bin",
    "tree_height": null
  },
  "total_time": 112.88563108444214,
  "best_acc": 35.78
}