{
  "epochs": [
    1,
    2
  ],
  "train_loss": [
    3.1092185989404335,
    1.9856491394532032
  ],
  "train_acc": [
    16.095753205128204,
    21.824919871794872
  ],
  "test_loss": [
    0,
    1.9478648040868058
  ],
  "test_acc": [
    0,
    24.02
  ],
  "lr": [
    0.1,
    0.1
  ],
  "oram_config": {
    "num_samples": 10000,
    "block_size": 4096,
    "backend": "file",
    "total_size_mb": 39.0625,
    "storage_path": "/var/folders/8r/0twg94tn14b7_41wwk7fg_740000gn/T/oram_cifar_0uifpgkr/oram.bin",
    "tree_height": null
  },
  "total_time": 110.64318013191223,
  "best_acc": 24.02
}