{
  "summary": {
    "timings": {
      "oram_init": {
        "total_time": 2.333634416005225,
        "call_count": 1,
        "avg_time": 2.333634416005225,
        "min_time": 2.333634416005225,
        "max_time": 2.333634416005225
      },
      "serialize": {
        "total_time": 0.03969901970413048,
        "call_count": 5000,
        "avg_time": 7.939803940826096e-06,
        "min_time": 4.916000762023032e-06,
        "max_time": 6.0457998188212514e-05
      },
      "oram_write": {
        "total_time": 2.2061944701417815,
        "call_count": 5000,
        "avg_time": 0.0004412388940283563,
        "min_time": 0.0002774579916149378,
        "max_time": 0.0006741670076735318
      },
      "io": {
        "total_time": 6.028980610135477,
        "call_count": 14984,
        "avg_time": 0.0004023612259834141,
        "min_time": 0.0002227500081062317,
        "max_time": 0.004260250003426336
      },
      "setup": {
        "total_time": 5.846599875003449,
        "call_count": 1,
        "avg_time": 5.846599875003449,
        "min_time": 5.846599875003449,
        "max_time": 5.846599875003449
      },
      "shuffle": {
        "total_time": 0.0010795830021379516,
        "call_count": 2,
        "avg_time": 0.0005397915010689758,
        "min_time": 5.025000427849591e-05,
        "max_time": 0.0010293329978594556
      },
      "oram_read": {
        "total_time": 3.7980616952991113,
        "call_count": 9984,
        "avg_time": 0.00038041483326313214,
        "min_time": 0.00022104100207798183,
        "max_time": 0.004258750006556511
      },
      "deserialize": {
        "total_time": 0.01859969373617787,
        "call_count": 9984,
        "avg_time": 1.8629500937678154e-06,
        "min_time": 1.1669908417388797e-06,
        "max_time": 2.28749995585531e-05
      },
      "dataload": {
        "total_time": 5.222251203842461,
        "call_count": 9984,
        "avg_time": 0.0005230620196156311,
        "min_time": 0.0003504170017549768,
        "max_time": 0.004361458006314933
      },
      "transfer": {
        "total_time": 0.008059628031332977,
        "call_count": 78,
        "avg_time": 0.00010332856450426894,
        "min_time": 8.14160011941567e-05,
        "max_time": 0.0001421670021954924
      },
      "compute": {
        "total_time": 0.5812412510276772,
        "call_count": 156,
        "avg_time": 0.0037259054553056233,
        "min_time": 0.003166666007018648,
        "max_time": 0.009519209008431062
      },
      "batch": {
        "total_time": 17.21652366798662,
        "call_count": 78,
        "avg_time": 0.2207246624100849,
        "min_time": 0.21680066699627787,
        "max_time": 0.26450750000367407
      },
      "epoch": {
        "total_time": 51.95472002029419,
        "call_count": 2,
        "avg_time": 25.977360010147095,
        "min_time": 11.349351167678833,
        "max_time": 40.605368852615356
      }
    },
    "memory": {
      "peak_rss_mb": 130.328125,
      "peak_vms_mb": 425875.625,
      "sample_count": 4
    },
    "epochs": 2,
    "total_batches": 78
  },
  "overhead_breakdown": {
    "oram_init": 2.4498646906619204,
    "serialize": 0.04167629083630353,
    "oram_write": 2.3160774010121705,
    "io": 6.329263322547432,
    "setup": 6.137798832568844,
    "shuffle": 0.001133353304800866,
    "oram_read": 3.987230037598149,
    "deserialize": 0.01952608027584293,
    "dataload": 5.482353509321791,
    "transfer": 0.008461050282088186,
    "compute": 0.6101908713218428,
    "batch": 18.074019281198,
    "epoch": 54.54240527907081
  },
  "epoch_data": [
    {
      "epoch": 1,
      "timings": {
        "oram_init": {
          "total_time": 2.333634416005225,
          "call_count": 1,
          "avg_time": 2.333634416005225,
          "min_time": 2.333634416005225,
          "max_time": 2.333634416005225
        },
        "serialize": {
          "total_time": 0.03969901970413048,
          "call_count": 5000,
          "avg_time": 7.939803940826096e-06,
          "min_time": 4.916000762023032e-06,
          "max_time": 6.0457998188212514e-05
        },
        "oram_write": {
          "total_time": 2.2061944701417815,
          "call_count": 5000,
          "avg_time": 0.0004412388940283563,
          "min_time": 0.0002774579916149378,
          "max_time": 0.0006741670076735318
        },
        "io": {
          "total_time": 4.173034333856776,
          "call_count": 9992,
          "avg_time": 0.000417637543420414,
          "min_time": 0.0002227500081062317,
          "max_time": 0.004260250003426336
        },
        "setup": {
          "total_time": 5.846599875003449,
          "call_count": 1,
          "avg_time": 5.846599875003449,
          "min_time": 5.846599875003449,
          "max_time": 5.846599875003449
        },
        "shuffle": {
          "total_time": 0.0010293329978594556,
          "call_count": 1,
          "avg_time": 0.0010293329978594556,
          "min_time": 0.0010293329978594556,
          "max_time": 0.0010293329978594556
        },
        "oram_read": {
          "total_time": 1.9503363006515428,
          "call_count": 4992,
          "avg_time": 0.0003906923679189789,
          "min_time": 0.00022104100207798183,
          "max_time": 0.004258750006556511
        },
        "deserialize": {
          "total_time": 0.0094313701702049,
          "call_count": 4992,
          "avg_time": 1.8892969090955328e-06,
          "min_time": 1.1669908417388797e-06,
          "max_time": 2.28749995585531e-05
        },
        "dataload": {
          "total_time": 2.677422595472308,
          "call_count": 4992,
          "avg_time": 0.0005363426673622412,
          "min_time": 0.0003614999877754599,
          "max_time": 0.004361458006314933
        },
        "transfer": {
          "total_time": 0.00409388002299238,
          "call_count": 39,
          "avg_time": 0.00010497128264083025,
          "min_time": 8.487499144393951e-05,
          "max_time": 0.0001421670021954924
        },
        "compute": {
          "total_time": 0.2998906650027493,
          "call_count": 78,
          "avg_time": 0.003844752115419863,
          "min_time": 0.0032605839951429516,
          "max_time": 0.009519209008431062
        },
        "batch": {
          "total_time": 8.626581249001902,
          "call_count": 39,
          "avg_time": 0.22119439100004876,
          "min_time": 0.21680066699627787,
          "max_time": 0.26450750000367407
        }
      },
      "memory": {
        "peak_rss_mb": 90.296875,
        "peak_vms_mb": 425636.84375,
        "sample_count": 1
      },
      "metrics": {
        "train_loss": 2.95628922413557,
        "train_acc": 15.204326923076923,
        "lr": 0.1
      }
    },
    {
      "epoch": 2,
      "timings": {
        "oram_init": {
          "total_time": 2.333634416005225,
          "call_count": 1,
          "avg_time": 2.333634416005225,
          "min_time": 2.333634416005225,
          "max_time": 2.333634416005225
        },
        "serialize": {
          "total_time": 0.03969901970413048,
          "call_count": 5000,
          "avg_time": 7.939803940826096e-06,
          "min_time": 4.916000762023032e-06,
          "max_time": 6.0457998188212514e-05
        },
        "oram_write": {
          "total_time": 2.2061944701417815,
          "call_count": 5000,
          "avg_time": 0.0004412388940283563,
          "min_time": 0.0002774579916149378,
          "max_time": 0.0006741670076735318
        },
        "io": {
          "total_time": 6.028980610135477,
          "call_count": 14984,
          "avg_time": 0.0004023612259834141,
          "min_time": 0.0002227500081062317,
          "max_time": 0.004260250003426336
        },
        "setup": {
          "total_time": 5.846599875003449,
          "call_count": 1,
          "avg_time": 5.846599875003449,
          "min_time": 5.846599875003449,
          "max_time": 5.846599875003449
        },