{
  "epochs": [
    1,
    2
  ],
  "train_loss": [
    2.7969663999019523,
    1.9817212117023957
  ],
  "train_acc": [
    14.93389423076923,
    24.649439102564102
  ],
  "test_loss": [
    0,
    1.8339256153830998
  ],
  "test_acc": [
    0,
    30.18
  ],
  "lr": [
    0.1,
    0.1
  ],
  "oram_config": {
    "num_samples": 10000,
    "block_size": 4096,
    "backend": "file",
    "total_size_mb": 39.0625,
    "storage_path": "/var/folders/8r/0twg94tn14b7_41wwk7fg_740000gn/T/oram_cifar_xofdw4mc/oram.bin",
    "tree_height": null
  },
  "total_time": 87.65541076660156,
  "best_acc": 30.18
}