{
  "epochs": [
    1,
    2
  ],
  "train_loss": [
    2.9217103322347007,
    2.0775591165591507
  ],
  "train_acc": [
    11.348157051282051,
    20.362580128205128
  ],
  "test_loss": [
    0,
    1.9886105543450465
  ],
  "test_acc": [
    0,
    25.28
  ],
  "lr": [
    0.1,
    0.1
  ],
  "oram_config": {
    "num_samples": 10000,
    "block_size": 4096,
    "backend": "file",
    "total_size_mb": 39.0625,
    "storage_path": "/var/folders/8r/0twg94tn14b7_41wwk7fg_740000gn/T/oram_cifar_phytaayn/oram.bin",
    "tree_height": null
  },
  "total_time": 101.29702496528625,
  "best_acc": 25.28
}