{
  "epochs": [
    1,
    2
  ],
  "train_loss": [
    2.3084184435697703,
    1.7343369263869066
  ],
  "train_acc": [
    22.35576923076923,
    34.25480769230769
  ],
  "test_loss": [
    0,
    1.6603539231457287
  ],
  "test_acc": [
    0,
    39.8
  ],
  "lr": [
    0.1,
    0.1
  ],
  "oram_config": {
    "num_samples": 10000,
    "block_size": 4096,
    "backend": "ram",
    "total_size_mb": 39.0625,
    "storage_path": "oram_ram",
    "tree_height": null
  },
  "total_time": 94.61053991317749,
  "best_acc": 39.8
}