total_time,best_acc,epochs,num_samples
96.38445281982422,26.25,2,5000
159.6172411441803,29.76,2,10000
1537.6365611553192,42.42,2,25000
469.10330963134766,56.6,2,50000
