{
  "epochs": [
    1,
    2
  ],
  "train_loss": [
    3.1425490379333496,
    2.0122094460022755
  ],
  "train_acc": [
    13.311298076923077,
    21.98517628205128
  ],
  "test_loss": [
    0,
    1.9127448081970215
  ],
  "test_acc": [
    0,
    25.49
  ],
  "lr": [
    0.1,
    0.1
  ],
  "oram_config": {
    "num_samples": 10000,
    "block_size": 4096,
    "backend": "ram",
    "total_size_mb": 39.0625,
    "storage_path": "oram_ram",
    "tree_height": null
  },
  "total_time": 144.21677112579346,
  "best_acc": 25.49
}