{
  "summary": {
    "timings": {
      "oram_init": {
        "total_time": 3.7192262079915963,
        "call_count": 1,
        "avg_time": 3.7192262079915963,
        "min_time": 3.7192262079915963,
        "max_time": 3.7192262079915963
      },
      "serialize": {
        "total_time": 0.04751464551372919,
        "call_count": 10000,
        "avg_time": 4.751464551372919e-06,
        "min_time": 3.6669953260570765e-06,
        "max_time": 0.0001369579986203462
      },
      "oram_write": {
        "total_time": 3.409879673505202,
        "call_count": 10000,
        "avg_time": 0.00034098796735052017,
        "min_time": 0.00019391700334381312,
        "max_time": 0.004788083999301307
      },
      "io": {
        "total_time": 12.38379568750679,
        "call_count": 30000,
        "avg_time": 0.0004127931895835597,
        "min_time": 0.0001948749995790422,
        "max_time": 0.04340083300485276
      },
      "setup": {
        "total_time": 8.51675883300777,
        "call_count": 1,
        "avg_time": 8.51675883300777,
        "min_time": 8.51675883300777,
        "max_time": 8.51675883300777
      },
      "shuffle": {
        "total_time": 0.0007497089973185211,
        "call_count": 2,
        "avg_time": 0.00037485449865926057,
        "min_time": 0.00016324999160133302,
        "max_time": 0.0005864590057171881
      },
      "oram_read": {
        "total_time": 8.925777986994945,
        "call_count": 20000,
        "avg_time": 0.0004462888993497472,
        "min_time": 0.00019979100034106523,
        "max_time": 0.04338004199962597
      },
      "deserialize": {
        "total_time": 0.05078097074874677,
        "call_count": 20000,
        "avg_time": 2.5390485374373383e-06,
        "min_time": 8.329952834174037e-07,
        "max_time": 0.014555250003468245
      },
      "dataload": {
        "total_time": 9.155545166999218,
        "call_count": 2,
        "avg_time": 4.577772583499609,
        "min_time": 4.302185708002071,
        "max_time": 4.853359458997147
      },
      "transfer": {
        "total_time": 0.02890345302876085,
        "call_count": 78,
        "avg_time": 0.0003705570901123186,
        "min_time": 6.53750030323863e-05,
        "max_time": 0.003850458000670187
      },
      "compute": {
        "total_time": 2.110840994049795,
        "call_count": 156,
        "avg_time": 0.013531032013139712,
        "min_time": 0.0037473330012289807,
        "max_time": 0.1596439169952646
      },
      "batch": {
        "total_time": 42.46285058102512,
        "call_count": 78,
        "avg_time": 0.5443955202695528,
        "min_time": 0.44025566600612365,
        "max_time": 1.0650011660036398
      },
      "epoch": {
        "total_time": 136.60289788246155,
        "call_count": 2,
        "avg_time": 68.30144894123077,
        "min_time": 49.38990592956543,
        "max_time": 87.21299195289612
      }
    },
    "memory": {
      "peak_rss_mb": 88.890625,
      "peak_vms_mb": 426134.453125,
      "sample_count": 4
    },
    "epochs": 2,
    "total_batches": 78
  },
  "overhead_breakdown": {
    "oram_init": 1.6354319963243609,
    "serialize": 0.02089331684106536,
    "oram_write": 1.4994049863608279,
    "io": 5.445448749466868,
    "setup": 3.7450209053029195,
    "shuffle": 0.00032966483176323497,
    "oram_read": 3.924876330633816,
    "deserialize": 0.022329597535224604,
    "dataload": 4.025910410539142,
    "transfer": 0.012709533984763896,
    "compute": 0.9281868613972606,
    "batch": 18.671922763431407,
    "epoch": 60.06753488335058
  },
  "epoch_data": [
    {
      "epoch": 1,
      "timings": {
        "oram_init": {
          "total_time": 3.7192262079915963,
          "call_count": 1,
          "avg_time": 3.7192262079915963,
          "min_time": 3.7192262079915963,
          "max_time": 3.7192262079915963
        },
        "serialize": {
          "total_time": 0.04751464551372919,
          "call_count": 10000,
          "avg_time": 4.751464551372919e-06,
          "min_time": 3.6669953260570765e-06,
          "max_time": 0.0001369579986203462
        },
        "oram_write": {
          "total_time": 3.409879673505202,
          "call_count": 10000,
          "avg_time": 0.00034098796735052017,
          "min_time": 0.00019391700334381312,
          "max_time": 0.004788083999301307
        },
        "io": {
          "total_time": 7.620747467226465,
          "call_count": 20000,
          "avg_time": 0.0003810373733613233,
          "min_time": 0.0001948749995790422,
          "max_time": 0.021787417004816234
        },
        "setup": {
          "total_time": 8.51675883300777,
          "call_count": 1,
          "avg_time": 8.51675883300777,
          "min_time": 8.51675883300777,
          "max_time": 8.51675883300777
        },
        "shuffle": {
          "total_time": 0.0005864590057171881,
          "call_count": 1,
          "avg_time": 0.0005864590057171881,
          "min_time": 0.0005864590057171881,
          "max_time": 0.0005864590057171881
        },
        "oram_read": {
          "total_time": 4.187195196660468,
          "call_count": 10000,
          "avg_time": 0.00041871951966604686,
          "min_time": 0.00020304099598433822,
          "max_time": 0.021780124996439554
        },
        "deserialize": {
          "total_time": 0.013674682137207128,
          "call_count": 10000,
          "avg_time": 1.3674682137207128e-06,
          "min_time": 8.329952834174037e-07,
          "max_time": 0.00031437500729225576
        },
        "dataload": {
          "total_time": 4.302185708002071,
          "call_count": 1,
          "avg_time": 4.302185708002071,
          "min_time": 4.302185708002071,
          "max_time": 4.302185708002071
        },
        "transfer": {
          "total_time": 0.00887566305755172,
          "call_count": 39,
          "avg_time": 0.00022758110403978766,
          "min_time": 6.53750030323863e-05,
          "max_time": 0.0012066250055795535
        },
        "compute": {
          "total_time": 0.7827136639971286,
          "call_count": 78,
          "avg_time": 0.01003479056406575,
          "min_time": 0.0037473330012289807,
          "max_time": 0.12520774999575224
        },
        "batch": {
          "total_time": 20.697210373997223,
          "call_count": 39,
          "avg_time": 0.5306977018973646,
          "min_time": 0.4633077909966232,
          "max_time": 1.0377294159989106
        }
      },
      "memory": {
        "peak_rss_mb": 88.890625,
        "peak_vms_mb": 425639.65625,
        "sample_count": 1
      },
      "metrics": {
        "train_loss": 3.1425490379333496,
        "train_acc": 13.311298076923077,
        "lr": 0.1
      }
    },
    {
      "epoch": 2,
      "timings": {
        "oram_init": {
          "total_time": 3.7192262079915963,
          "call_count": 1,
          "avg_time": 3.7192262079915963,
          "min_time": 3.7192262079915963,
          "max_time": 3.7192262079915963
        },
        "serialize": {
          "total_time": 0.04751464551372919,
          "call_count": 10000,
          "avg_time": 4.751464551372919e-06,
          "min_time": 3.6669953260570765e-06,
          "max_time": 0.0001369579986203462
        },
        "oram_write": {
          "total_time": 3.409879673505202,
          "call_count": 10000,
          "avg_time": 0.00034098796735052017,
          "min_time": 0.00019391700334381312,
          "max_time": 0.004788083999301307
        },
        "io": {
          "total_time": 12.38379568750679,
          "call_count": 30000,
          "avg_time": 0.0004127931895835597,
          "min_time": 0.0001948749995790422,
          "max_time": 0.04340083300485276
        },
        "setup": {
          "total_time": 8.51675883300777,
          "call_count": 1,
          "avg_time": 8.51675883300777,
          "min_time": 8.51675883300777,
          "max_time": 8.51675883300777
        },
        "shuffle": {
          "total_time": 0.0007497089973185211,