{
  "epochs": [
    1,
    2,
    3
  ],
  "train_loss": [
    3.220833363288488,
    2.0575799128948113,
    1.8644422045120825
  ],
  "train_acc": [
    11.055689102564102,
    20.212339743589745,
    27.083333333333332
  ],
  "test_loss": [
    0,
    0,
    1.7485314215285868
  ],
  "test_acc": [
    0,
    0,
    33.05
  ],
  "lr": [
    0.1,
    0.1,
    0.1
  ],
  "total_time": 1322.7475972175598,
  "best_acc": 33.05
}