{
  "epochs": [
    1,
    2,
    3
  ],
  "train_loss": [
    2.458870977621812,
    1.9645209486667927,
    1.8238010886387948
  ],
  "train_acc": [
    16.392227564102566,
    24.270833333333332,
    30.889423076923077
  ],
  "test_loss": [
    0,
    0,
    1.7474109070210517
  ],
  "test_acc": [
    0,
    0,
    33.58
  ],
  "lr": [
    0.1,
    0.1,
    0.1
  ],
  "total_time": 307.0731589794159,
  "best_acc": 33.58
}