{
  "epochs": [
    1,
    2
  ],
  "train_loss": [
    9.238113672305376,
    2.561510410064306
  ],
  "train_acc": [
    10.15625,
    11.41826923076923
  ],
  "test_loss": [
    0,
    3.2834038251562965
  ],
  "test_acc": [
    0,
    14.96
  ],
  "lr": [
    0.1,
    0.1
  ],
  "oram_config": {
    "num_samples": 5000,
    "block_size": 4096,
    "backend": "file",
    "total_size_mb": 19.53125,
    "storage_path": "/var/folders/8r/0twg94tn14b7_41wwk7fg_740000gn/T/oram_cifar_s3oyby8s/oram.bin",
    "tree_height": null
  },
  "total_time": 150.69574189186096,
  "best_acc": 14.96
}