{
  "summary": {
    "timings": {
      "oram_init": {
        "total_time": 2.834495125003741,
        "call_count": 1,
        "avg_time": 2.834495125003741,
        "min_time": 2.834495125003741,
        "max_time": 2.834495125003741
      },
      "serialize": {
        "total_time": 0.05786771002749447,
        "call_count": 5000,
        "avg_time": 1.1573542005498894e-05,
        "min_time": 3.7080026231706142e-06,
        "max_time": 0.0007831660041119903
      },
      "oram_write": {
        "total_time": 2.8841645343927667,
        "call_count": 5000,
        "avg_time": 0.0005768329068785534,
        "min_time": 0.00023604198941029608,
        "max_time": 0.04715637500339653
      },
      "io": {
        "total_time": 17.897929129045224,
        "call_count": 14984,
        "avg_time": 0.0011944693759373482,
        "min_time": 0.00023725000210106373,
        "max_time": 0.3350115409994032
      },
      "setup": {
        "total_time": 8.63640391700028,
        "call_count": 1,
        "avg_time": 8.63640391700028,
        "min_time": 8.63640391700028,
        "max_time": 8.63640391700028
      },
      "shuffle": {
        "total_time": 0.0006998330063652247,
        "call_count": 2,
        "avg_time": 0.00034991650318261236,
        "min_time": 0.00021408300381153822,
        "max_time": 0.0004857500025536865
      },
      "oram_read": {
        "total_time": 14.930869029267342,
        "call_count": 9984,
        "avg_time": 0.0014954796703993732,
        "min_time": 0.0002956249954877421,
        "max_time": 0.33498891700583044
      },
      "deserialize": {
        "total_time": 0.14820484674419276,
        "call_count": 9984,
        "avg_time": 1.4844235451141101e-05,
        "min_time": 1.2499949662014842e-06,
        "max_time": 0.0183181250031339
      },
      "dataload": {
        "total_time": 20.8356200466078,
        "call_count": 9984,
        "avg_time": 0.002086901046334916,
        "min_time": 0.00040904199704527855,
        "max_time": 0.48970800000824966
      },
      "transfer": {
        "total_time": 0.03450933205022011,
        "call_count": 78,
        "avg_time": 0.0004424273339771809,
        "min_time": 0.00010666699381545186,
        "max_time": 0.002433834000839852
      },
      "compute": {
        "total_time": 25.902261783950962,
        "call_count": 156,
        "avg_time": 0.1660401396407113,
        "min_time": 0.03034929199202452,
        "max_time": 0.7190453329967568
      },
      "batch": {
        "total_time": 75.47814382902288,
        "call_count": 78,
        "avg_time": 0.9676685106284985,
        "min_time": 0.8186207090038806,
        "max_time": 1.4431858750031097
      },
      "epoch": {
        "total_time": 149.61411833763123,
        "call_count": 2,
        "avg_time": 74.80705916881561,
        "min_time": 47.701096296310425,
        "max_time": 101.9130220413208
      }
    },
    "memory": {
      "peak_rss_mb": 134.40625,
      "peak_vms_mb": 425850.375,
      "sample_count": 4
    },
    "epochs": 2,
    "total_batches": 78
  },
  "overhead_breakdown": {
    "oram_init": 0.8878459453594376,
    "serialize": 0.01812584232794502,
    "oram_write": 0.9034038425473491,
    "io": 5.606149633978432,
    "setup": 2.7051717720576227,
    "shuffle": 0.00021920796111062288,
    "oram_read": 4.67678050012886,
    "deserialize": 0.04642204924034742,
    "dataload": 6.526319489579696,
    "transfer": 0.010809322008556981,
    "compute": 8.113338385258018,
    "batch": 23.641940100978644,
    "epoch": 46.86347390857398
  },
  "epoch_data": [
    {
      "epoch": 1,
      "timings": {
        "oram_init": {
          "total_time": 2.834495125003741,
          "call_count": 1,
          "avg_time": 2.834495125003741,
          "min_time": 2.834495125003741,
          "max_time": 2.834495125003741
        },
        "serialize": {
          "total_time": 0.05786771002749447,
          "call_count": 5000,
          "avg_time": 1.1573542005498894e-05,
          "min_time": 3.7080026231706142e-06,
          "max_time": 0.0007831660041119903
        },
        "oram_write": {
          "total_time": 2.8841645343927667,
          "call_count": 5000,
          "avg_time": 0.0005768329068785534,
          "min_time": 0.00023604198941029608,
          "max_time": 0.04715637500339653
        },
        "io": {
          "total_time": 9.710788034557481,
          "call_count": 9992,
          "avg_time": 0.0009718562884865374,
          "min_time": 0.00023725000210106373,
          "max_time": 0.3350115409994032
        },
        "setup": {
          "total_time": 8.63640391700028,
          "call_count": 1,
          "avg_time": 8.63640391700028,
          "min_time": 8.63640391700028,
          "max_time": 8.63640391700028
        },
        "shuffle": {
          "total_time": 0.0004857500025536865,
          "call_count": 1,
          "avg_time": 0.0004857500025536865,
          "min_time": 0.0004857500025536865,
          "max_time": 0.0004857500025536865
        },
        "oram_read": {
          "total_time": 6.785275217887829,
          "call_count": 4992,
          "avg_time": 0.0013592298112756068,
          "min_time": 0.0002956249954877421,
          "max_time": 0.33498891700583044
        },
        "deserialize": {
          "total_time": 0.08235532256367151,
          "call_count": 4992,
          "avg_time": 1.6497460449453425e-05,
          "min_time": 1.2499949662014842e-06,
          "max_time": 0.0183181250031339
        },
        "dataload": {
          "total_time": 9.726775684233871,
          "call_count": 4992,
          "avg_time": 0.0019484726931558237,
          "min_time": 0.00040904199704527855,
          "max_time": 0.48970800000824966
        },
        "transfer": {
          "total_time": 0.0178491660481086,
          "call_count": 39,
          "avg_time": 0.0004576709243104769,
          "min_time": 0.00010666699381545186,
          "max_time": 0.002433834000839852
        },
        "compute": {
          "total_time": 13.324369405949255,
          "call_count": 78,
          "avg_time": 0.17082524879422123,
          "min_time": 0.03034929199202452,
          "max_time": 0.7190453329967568
        },
        "batch": {
          "total_time": 37.56230424894602,
          "call_count": 39,
          "avg_time": 0.9631360063832313,
          "min_time": 0.8186207090038806,
          "max_time": 1.4431858750031097
        }
      },
      "memory": {
        "peak_rss_mb": 48.296875,
        "peak_vms_mb": 425595.625,
        "sample_count": 1
      },
      "metrics": {
        "train_loss": 9.238113672305376,
        "train_acc": 10.15625,
        "lr": 0.1
      }
    },
    {
      "epoch": 2,
      "timings": {
        "oram_init": {
          "total_time": 2.834495125003741,
          "call_count": 1,
          "avg_time": 2.834495125003741,
          "min_time": 2.834495125003741,
          "max_time": 2.834495125003741
        },
        "serialize": {
          "total_time": 0.05786771002749447,
          "call_count": 5000,
          "avg_time": 1.1573542005498894e-05,
          "min_time": 3.7080026231706142e-06,
          "max_time": 0.0007831660041119903
        },
        "oram_write": {
          "total_time": 2.8841645343927667,
          "call_count": 5000,
          "avg_time": 0.0005768329068785534,
          "min_time": 0.00023604198941029608,
          "max_time": 0.04715637500339653
        },
        "io": {
          "total_time": 17.897929129045224,
          "call_count": 14984,
          "avg_time": 0.0011944693759373482,
          "min_time": 0.00023725000210106373,
          "max_time": 0.3350115409994032
        },
        "setup": {
          "total_time": 8.63640391700028,
          "call_count": 1,
          "avg_time": 8.63640391700028,
          "min_time": 8.63640391700028,
          "max_time": 8.63640391700028
        },
        "shuffle": {
          "total_time": 0.0006998330063652247,
          "call_count": 2,