{
  "epochs": [
    1,
    2
  ],
  "train_loss": [
    3.023956375244336,
    2.0022524304879017
  ],
  "train_acc": [
    14.012419871794872,
    24.228766025641026
  ],
  "test_loss": [
    0,
    1.885916427720951
  ],
  "test_acc": [
    0,
    29.04
  ],
  "lr": [
    0.1,
    0.1
  ],
  "oram_config": {
    "num_samples": 10000,
    "block_size": 4096,
    "backend": "file",
    "total_size_mb": 39.0625,
    "storage_path": "/var/folders/8r/0twg94tn14b7_41wwk7fg_740000gn/T/oram_cifar_hdh9cpb0/oram.bin",
    "tree_height": null
  },
  "total_time": 84.84361386299133,
  "best_acc": 29.04
}