{
  "summary": {
    "timings": {
      "oram_init": {
        "total_time": 2.539986166986637,
        "call_count": 1,
        "avg_time": 2.539986166986637,
        "min_time": 2.539986166986637,
        "max_time": 2.539986166986637
      },
      "serialize": {
        "total_time": 0.04999974348174874,
        "call_count": 5000,
        "avg_time": 9.999948696349747e-06,
        "min_time": 4.415996954776347e-06,
        "max_time": 0.0014294580032583326
      },
      "oram_write": {
        "total_time": 2.4461048102384666,
        "call_count": 5000,
        "avg_time": 0.0004892209620476933,
        "min_time": 0.0002856659993994981,
        "max_time": 0.0053839169995626435
      },
      "io": {
        "total_time": 5.971307703555794,
        "call_count": 14216,
        "avg_time": 0.00042004134099295123,
        "min_time": 0.00022983299277257174,
        "max_time": 0.025279082998167723
      },
      "setup": {
        "total_time": 6.4183830420079175,
        "call_count": 1,
        "avg_time": 6.4183830420079175,
        "min_time": 6.4183830420079175,
        "max_time": 6.4183830420079175
      },
      "shuffle": {
        "total_time": 0.0006450830114772543,
        "call_count": 2,
        "avg_time": 0.00032254150573862717,
        "min_time": 6.820801354479045e-05,
        "max_time": 0.0005768749979324639
      },
      "oram_read": {
        "total_time": 3.501191529954667,
        "call_count": 9216,
        "avg_time": 0.00037990359483015053,
        "min_time": 0.00022808299399912357,
        "max_time": 0.025274582993006334
      },
      "deserialize": {
        "total_time": 0.016781414873548783,
        "call_count": 9216,
        "avg_time": 1.8209000513833316e-06,
        "min_time": 1.167005393654108e-06,
        "max_time": 8.287500531878322e-05
      },
      "dataload": {
        "total_time": 4.826086475804914,
        "call_count": 9216,
        "avg_time": 0.0005236638971142485,
        "min_time": 0.0003362080024089664,
        "max_time": 0.025639083003625274
      },
      "transfer": {
        "total_time": 0.0022978340566623956,
        "call_count": 18,
        "avg_time": 0.0001276574475923553,
        "min_time": 0.00010233301145490259,
        "max_time": 0.0001750410010572523
      },
      "compute": {
        "total_time": 0.8079354180517839,
        "call_count": 36,
        "avg_time": 0.02244265050143844,
        "min_time": 0.004081541002960876,
        "max_time": 0.30007212499913294
      },
      "batch": {
        "total_time": 16.14805404294748,
        "call_count": 18,
        "avg_time": 0.8971141134970821,
        "min_time": 0.8630842499987921,
        "max_time": 1.2344805829925463
      },
      "epoch": {
        "total_time": 51.08788704872131,
        "call_count": 2,
        "avg_time": 25.543943524360657,
        "min_time": 10.71793508529663,
        "max_time": 40.36995196342468
      }
    },
    "memory": {
      "peak_rss_mb": 120.359375,
      "peak_vms_mb": 425878.4375,
      "sample_count": 4
    },
    "epochs": 2,
    "total_batches": 18
  },
  "overhead_breakdown": {
    "oram_init": 2.7073935039829267,
    "serialize": 0.05329516454174115,
    "oram_write": 2.6073245434867194,
    "io": 6.364869185909712,
    "setup": 6.841410705248867,
    "shuffle": 0.0006875996324323488,
    "oram_read": 3.7319507198911377,
    "deserialize": 0.017887457107764432,
    "dataload": 5.144167847872701,
    "transfer": 0.002449281448496659,
    "compute": 0.8611854390790619,
    "batch": 17.212352250606276,
    "epoch": 54.45502630119216
  },
  "epoch_data": [
    {
      "epoch": 1,
      "timings": {
        "oram_init": {
          "total_time": 2.539986166986637,
          "call_count": 1,
          "avg_time": 2.539986166986637,
          "min_time": 2.539986166986637,
          "max_time": 2.539986166986637
        },
        "serialize": {
          "total_time": 0.04999974348174874,
          "call_count": 5000,
          "avg_time": 9.999948696349747e-06,
          "min_time": 4.415996954776347e-06,
          "max_time": 0.0014294580032583326
        },
        "oram_write": {
          "total_time": 2.4461048102384666,
          "call_count": 5000,
          "avg_time": 0.0004892209620476933,
          "min_time": 0.0002856659993994981,
          "max_time": 0.0053839169995626435
        },
        "io": {
          "total_time": 4.215978329084464,
          "call_count": 9608,
          "avg_time": 0.0004387987436599151,
          "min_time": 0.00022983299277257174,
          "max_time": 0.00609379199158866
        },
        "setup": {
          "total_time": 6.4183830420079175,
          "call_count": 1,
          "avg_time": 6.4183830420079175,
          "min_time": 6.4183830420079175,
          "max_time": 6.4183830420079175
        },
        "shuffle": {
          "total_time": 0.0005768749979324639,
          "call_count": 1,
          "avg_time": 0.0005768749979324639,
          "min_time": 0.0005768749979324639,
          "max_time": 0.0005768749979324639
        },
        "oram_read": {
          "total_time": 1.7534689244930632,
          "call_count": 4608,
          "avg_time": 0.00038052711035005713,
          "min_time": 0.00022808299399912357,
          "max_time": 0.006092334006098099
        },
        "deserialize": {
          "total_time": 0.008458008291199803,
          "call_count": 4608,
          "avg_time": 1.8355052715277352e-06,
          "min_time": 1.2079981388524175e-06,
          "max_time": 8.287500531878322e-05
        },
        "dataload": {
          "total_time": 2.424399282055674,
          "call_count": 4608,
          "avg_time": 0.000526128316418332,
          "min_time": 0.0003362080024089664,
          "max_time": 0.00628162499924656
        },
        "transfer": {
          "total_time": 0.001201249033329077,
          "call_count": 9,
          "avg_time": 0.00013347211481434188,
          "min_time": 0.00011800001084338874,
          "max_time": 0.0001750410010572523
        },
        "compute": {
          "total_time": 0.5441662510274909,
          "call_count": 18,
          "avg_time": 0.030231458390416164,
          "min_time": 0.004117999997106381,
          "max_time": 0.30007212499913294
        },
        "batch": {
          "total_time": 8.259412457977305,
          "call_count": 9,
          "avg_time": 0.9177124953308117,
          "min_time": 0.8630842499987921,
          "max_time": 1.2344805829925463
        }
      },
      "memory": {
        "peak_rss_mb": 120.359375,
        "peak_vms_mb": 425639.65625,
        "sample_count": 1
      },
      "metrics": {
        "train_loss": 3.0648207664489746,
        "train_acc": 16.03732638888889,
        "lr": 0.1
      }
    },
    {
      "epoch": 2,
      "timings": {
        "oram_init": {
          "total_time": 2.539986166986637,
          "call_count": 1,
          "avg_time": 2.539986166986637,
          "min_time": 2.539986166986637,
          "max_time": 2.539986166986637
        },
        "serialize": {
          "total_time": 0.04999974348174874,
          "call_count": 5000,
          "avg_time": 9.999948696349747e-06,
          "min_time": 4.415996954776347e-06,
          "max_time": 0.0014294580032583326
        },
        "oram_write": {
          "total_time": 2.4461048102384666,
          "call_count": 5000,
          "avg_time": 0.0004892209620476933,
          "min_time": 0.0002856659993994981,
          "max_time": 0.0053839169995626435
        },
        "io": {
          "total_time": 5.971307703555794,
          "call_count": 14216,
          "avg_time": 0.00042004134099295123,
          "min_time": 0.00022983299277257174,
          "max_time": 0.025279082998167723
        },
        "setup": {
          "total_time": 6.4183830420079175,
          "call_count": 1,
          "avg_time": 6.4183830420079175,
          "min_time": 6.4183830420079175,
          "max_time": 6.4183830420079175
        },