total_time,best_acc,epochs,backend
112.88563108444214,35.78,2,file
94.61053991317749,39.8,2,ram
