{
  "epochs": [
    1,
    2,
    3
  ],
  "train_loss": [
    2.0205735854613476,
    1.470165228843689,
    1.1722578450655325
  ],
  "train_acc": [
    28.655849358974358,
    46.03365384615385,
    57.91866987179487
  ],
  "test_loss": [
    0,
    0,
    1.2713148684441289
  ],
  "test_acc": [
    0,
    0,
    57.41
  ],
  "lr": [
    0.1,
    0.1,
    0.1
  ],
  "total_time": 451.38328981399536,
  "best_acc": 57.41
}