{
  "epochs": [
    1,
    2
  ],
  "train_loss": [
    2.5240879288086524,
    1.9138839810322492
  ],
  "train_acc": [
    17.73838141025641,
    25.560897435897434
  ],
  "test_loss": [
    0,
    1.8526811524282527
  ],
  "test_acc": [
    0,
    30.4
  ],
  "lr": [
    0.1,
    0.1
  ],
  "oram_config": {
    "num_samples": 10000,
    "block_size": 32768,
    "backend": "file",
    "total_size_mb": 312.5,
    "storage_path": "/var/folders/8r/0twg94tn14b7_41wwk7fg_740000gn/T/oram_cifar_594zd6f4/oram.bin",
    "tree_height": null
  },
  "total_time": 179.17868614196777,
  "best_acc": 30.4
}