{
  "summary": {
    "timings": {
      "setup": {
        "total_time": 1.879884291003691,
        "call_count": 1,
        "avg_time": 1.879884291003691,
        "min_time": 1.879884291003691,
        "max_time": 1.879884291003691
      },
      "dataload": {
        "total_time": 0.9023962164501427,
        "call_count": 2343,
        "avg_time": 0.0003851456322877263,
        "min_time": 4.6542001655325294e-05,
        "max_time": 0.024906834005378187
      },
      "compute": {
        "total_time": 89.73437667521648,
        "call_count": 4686,
        "avg_time": 0.019149461518398737,
        "min_time": 0.0028509169933386147,
        "max_time": 2.346745041999384
      },
      "batch": {
        "total_time": 427.67619801803085,
        "call_count": 2343,
        "avg_time": 0.1825335885693687,
        "min_time": 0.11233612500654999,
        "max_time": 27.86775070799922
      },
      "epoch": {
        "total_time": 676.4331669807434,
        "call_count": 3,
        "avg_time": 225.47772232691446,
        "min_time": 126.53629994392395,
        "max_time": 375.3803288936615
      }
    },
    "memory": {
      "peak_rss_mb": 90.203125,
      "peak_vms_mb": 425813.171875,
      "sample_count": 5
    },
    "epochs": 3,
    "total_batches": 0
  },
  "overhead_breakdown": {
    "setup": 0.15709873061064386,
    "dataload": 0.0754117159181511,
    "compute": 7.4989491296228925,
    "batch": 35.74017195768305,
    "epoch": 56.528368466165254
  },
  "epoch_data": [
    {
      "epoch": 1,
      "timings": {
        "setup": {
          "total_time": 1.879884291003691,
          "call_count": 1,
          "avg_time": 1.879884291003691,
          "min_time": 1.879884291003691,
          "max_time": 1.879884291003691
        },
        "dataload": {
          "total_time": 0.5006649247807218,
          "call_count": 781,
          "avg_time": 0.0006410562417166732,
          "min_time": 6.20420032646507e-05,
          "max_time": 0.017331334005575627
        },
        "compute": {
          "total_time": 56.94971118889225,
          "call_count": 1562,
          "avg_time": 0.0364594821951935,
          "min_time": 0.003592542008846067,
          "max_time": 2.346745041999384
        },
        "batch": {
          "total_time": 211.8686387330963,
          "call_count": 781,
          "avg_time": 0.2712786667517238,
          "min_time": 0.11477133400330786,
          "max_time": 27.86775070799922
        }
      },
      "memory": {
        "peak_rss_mb": 43.140625,
        "peak_vms_mb": 425634.453125,
        "sample_count": 1
      },
      "metrics": {
        "train_loss": 1.98126987107432,
        "train_acc": 28.935259282970552,
        "lr": 0.1
      }
    },
    {
      "epoch": 2,
      "timings": {
        "setup": {
          "total_time": 1.879884291003691,
          "call_count": 1,
          "avg_time": 1.879884291003691,
          "min_time": 1.879884291003691,
          "max_time": 1.879884291003691
        },
        "dataload": {
          "total_time": 0.7262037925538607,
          "call_count": 1562,
          "avg_time": 0.0004649192013789121,
          "min_time": 4.6542001655325294e-05,
          "max_time": 0.024906834005378187
        },
        "compute": {
          "total_time": 73.78286531203776,
          "call_count": 3124,
          "avg_time": 0.02361807468375088,
          "min_time": 0.0028509169933386147,
          "max_time": 2.346745041999384
        },
        "batch": {
          "total_time": 311.06638684622885,
          "call_count": 1562,
          "avg_time": 0.19914621437018493,
          "min_time": 0.11233612500654999,
          "max_time": 27.86775070799922
        },
        "epoch": {
          "total_time": 375.3803288936615,
          "call_count": 1,
          "avg_time": 375.3803288936615,
          "min_time": 375.3803288936615,
          "max_time": 375.3803288936615
        }
      },
      "memory": {
        "peak_rss_mb": 43.140625,
        "peak_vms_mb": 425812.625,
        "sample_count": 2
      },
      "metrics": {
        "train_loss": 1.4977791617682892,
        "train_acc": 45.030409731113956,
        "lr": 0.1
      }
    },
    {
      "epoch": 3,
      "timings": {
        "setup": {
          "total_time": 1.879884291003691,
          "call_count": 1,
          "avg_time": 1.879884291003691,
          "min_time": 1.879884291003691,
          "max_time": 1.879884291003691
        },
        "dataload": {
          "total_time": 0.9023962164501427,
          "call_count": 2343,
          "avg_time": 0.0003851456322877263,
          "min_time": 4.6542001655325294e-05,
          "max_time": 0.024906834005378187
        },
        "compute": {
          "total_time": 89.73437667521648,
          "call_count": 4686,
          "avg_time": 0.019149461518398737,
          "min_time": 0.0028509169933386147,
          "max_time": 2.346745041999384
        },
        "batch": {
          "total_time": 427.67619801803085,
          "call_count": 2343,
          "avg_time": 0.1825335885693687,
          "min_time": 0.11233612500654999,
          "max_time": 27.86775070799922
        },
        "epoch": {
          "total_time": 501.91662883758545,
          "call_count": 2,
          "avg_time": 250.95831441879272,
          "min_time": 126.53629994392395,
          "max_time": 375.3803288936615
        }
      },
      "memory": {
        "peak_rss_mb": 90.203125,
        "peak_vms_mb": 425812.625,
        "sample_count": 3
      },
      "metrics": {
        "train_loss": 1.213717037218023,
        "train_acc": 56.18998079385403,
        "lr": 0.1
      }
    }
  ],
  "batch_data": []
}