{
  "epochs": [
    1,
    2,
    3
  ],
  "train_loss": [
    1.98126987107432,
    1.4977791617682892,
    1.213717037218023
  ],
  "train_acc": [
    28.935259282970552,
    45.030409731113956,
    56.18998079385403
  ],
  "test_loss": [
    0,
    0,
    1.2163614847098188
  ],
  "test_acc": [
    0,
    0,
    56.48
  ],
  "lr": [
    0.1,
    0.1,
    0.1
  ],
  "total_time": 677.4729042053223,
  "best_acc": 56.48
}