{
  "summary": {
    "timings": {
      "oram_init": {
        "total_time": 4.805026874993928,
        "call_count": 1,
        "avg_time": 4.805026874993928,
        "min_time": 4.805026874993928,
        "max_time": 4.805026874993928
      },
      "serialize": {
        "total_time": 0.08210594579577446,
        "call_count": 5000,
        "avg_time": 1.6421189159154893e-05,
        "min_time": 4.62500611320138e-06,
        "max_time": 0.0018526659987401217
      },
      "oram_write": {
        "total_time": 3.8358958755561616,
        "call_count": 5000,
        "avg_time": 0.0007671791751112324,
        "min_time": 0.0003079160087509081,
        "max_time": 0.10013099999923725
      },
      "io": {
        "total_time": 24.62937536687241,
        "call_count": 14984,
        "avg_time": 0.0016437116502183936,
        "min_time": 0.0003096669970545918,
        "max_time": 0.34688441701291595
      },
      "setup": {
        "total_time": 10.513286333007272,
        "call_count": 1,
        "avg_time": 10.513286333007272,
        "min_time": 10.513286333007272,
        "max_time": 10.513286333007272
      },
      "shuffle": {
        "total_time": 0.0003776240046136081,
        "call_count": 2,
        "avg_time": 0.00018881200230680406,
        "min_time": 8.241599425673485e-05,
        "max_time": 0.0002952080103568733
      },
      "oram_read": {
        "total_time": 20.66905346502608,
        "call_count": 9984,
        "avg_time": 0.002070217694814311,
        "min_time": 0.00030854200304020196,
        "max_time": 0.3468412910006009
      },
      "deserialize": {
        "total_time": 0.18092810967937112,
        "call_count": 9984,
        "avg_time": 1.8121805857308806e-05,
        "min_time": 1.7080019460991025e-06,
        "max_time": 0.007160666005802341
      },
      "dataload": {
        "total_time": 29.215139818013995,
        "call_count": 9984,
        "avg_time": 0.0029261958952337733,
        "min_time": 0.0004966669948771596,
        "max_time": 0.41879250000056345
      },
      "transfer": {
        "total_time": 0.04438970716728363,
        "call_count": 78,
        "avg_time": 0.0005690988098369696,
        "min_time": 0.00015549999079667032,
        "max_time": 0.0066305830114288256
      },
      "compute": {
        "total_time": 6.739563876908505,
        "call_count": 156,
        "avg_time": 0.04320233254428529,
        "min_time": 0.008276250009657815,
        "max_time": 0.6069712909957161
      },
      "batch": {
        "total_time": 26.97846937792201,
        "call_count": 78,
        "avg_time": 0.3458778125374617,
        "min_time": 0.23332341700734105,
        "max_time": 1.6239983339910395
      },
      "epoch": {
        "total_time": 95.61440014839172,
        "call_count": 2,
        "avg_time": 47.80720007419586,
        "min_time": 26.41365623474121,
        "max_time": 69.20074391365051
      }
    },
    "memory": {
      "peak_rss_mb": 110.03125,
      "peak_vms_mb": 425872.328125,
      "sample_count": 4
    },
    "epochs": 2,
    "total_batches": 78
  },
  "overhead_breakdown": {
    "oram_init": 2.151748529171889,
    "serialize": 0.036768024966051374,
    "oram_write": 1.7177600714865757,
    "io": 11.029328992079163,
    "setup": 4.707975416649446,
    "shuffle": 0.00016910454772604301,
    "oram_read": 9.255849457200219,
    "deserialize": 0.08102177240973893,
    "dataload": 13.082889184265415,
    "transfer": 0.01987824201455567,
    "compute": 3.018057346331949,
    "batch": 12.081281398311825,
    "epoch": 42.81727246056545
  },
  "epoch_data": [
    {
      "epoch": 1,
      "timings": {
        "oram_init": {
          "total_time": 4.805026874993928,
          "call_count": 1,
          "avg_time": 4.805026874993928,
          "min_time": 4.805026874993928,
          "max_time": 4.805026874993928
        },
        "serialize": {
          "total_time": 0.08210594579577446,
          "call_count": 5000,
          "avg_time": 1.6421189159154893e-05,
          "min_time": 4.62500611320138e-06,
          "max_time": 0.0018526659987401217
        },
        "oram_write": {
          "total_time": 3.8358958755561616,
          "call_count": 5000,
          "avg_time": 0.0007671791751112324,
          "min_time": 0.0003079160087509081,
          "max_time": 0.10013099999923725
        },
        "io": {
          "total_time": 12.541209395611077,
          "call_count": 9992,
          "avg_time": 0.001255125039592782,
          "min_time": 0.0003096669970545918,
          "max_time": 0.34688441701291595
        },
        "setup": {
          "total_time": 10.513286333007272,
          "call_count": 1,
          "avg_time": 10.513286333007272,
          "min_time": 10.513286333007272,
          "max_time": 10.513286333007272
        },
        "shuffle": {
          "total_time": 8.241599425673485e-05,
          "call_count": 1,
          "avg_time": 8.241599425673485e-05,
          "min_time": 8.241599425673485e-05,
          "max_time": 8.241599425673485e-05
        },
        "oram_read": {
          "total_time": 8.64263554108038,
          "call_count": 4992,
          "avg_time": 0.0017312971837100122,
          "min_time": 0.00030854200304020196,
          "max_time": 0.3468412910006009
        },
        "deserialize": {
          "total_time": 0.06550493068061769,
          "call_count": 4992,
          "avg_time": 1.312198130621348e-05,
          "min_time": 1.7080019460991025e-06,
          "max_time": 0.0008529589977115393
        },
        "dataload": {
          "total_time": 12.162401774374302,
          "call_count": 4992,
          "avg_time": 0.0024363785605717755,
          "min_time": 0.0004966669948771596,
          "max_time": 0.41879250000056345
        },
        "transfer": {
          "total_time": 0.014772837064811029,
          "call_count": 39,
          "avg_time": 0.0003787906939695136,
          "min_time": 0.00015549999079667032,
          "max_time": 0.0012822499993490055
        },
        "compute": {
          "total_time": 3.4971493339689914,
          "call_count": 78,
          "avg_time": 0.044835247871397324,
          "min_time": 0.008276250009657815,
          "max_time": 0.6069712909957161
        },
        "batch": {
          "total_time": 13.942073835976771,
          "call_count": 39,
          "avg_time": 0.3574890727173531,
          "min_time": 0.23332341700734105,
          "max_time": 1.605989582996699
        }
      },
      "memory": {
        "peak_rss_mb": 63.234375,
        "peak_vms_mb": 425633.546875,
        "sample_count": 1
      },
      "metrics": {
        "train_loss": 2.7555624338296743,
        "train_acc": 17.087339743589745,
        "lr": 0.1
      }
    },
    {
      "epoch": 2,
      "timings": {
        "oram_init": {
          "total_time": 4.805026874993928,
          "call_count": 1,
          "avg_time": 4.805026874993928,
          "min_time": 4.805026874993928,
          "max_time": 4.805026874993928
        },
        "serialize": {
          "total_time": 0.08210594579577446,
          "call_count": 5000,
          "avg_time": 1.6421189159154893e-05,
          "min_time": 4.62500611320138e-06,
          "max_time": 0.0018526659987401217
        },
        "oram_write": {
          "total_time": 3.8358958755561616,
          "call_count": 5000,
          "avg_time": 0.0007671791751112324,
          "min_time": 0.0003079160087509081,
          "max_time": 0.10013099999923725
        },
        "io": {
          "total_time": 24.62937536687241,
          "call_count": 14984,
          "avg_time": 0.0016437116502183936,
          "min_time": 0.0003096669970545918,
          "max_time": 0.34688441701291595
        },
        "setup": {
          "total_time": 10.513286333007272,
          "call_count": 1,
          "avg_time": 10.513286333007272,
          "min_time": 10.513286333007272,
          "max_time": 10.513286333007272
        },