{
  "epochs": [
    1,
    2
  ],
  "train_loss": [
    2.5620562724578075,
    1.984959684121303
  ],
  "train_acc": [
    15.945512820512821,
    24.579326923076923
  ],
  "test_loss": [
    0,
    1.9080080068149505
  ],
  "test_acc": [
    0,
    29.0
  ],
  "lr": [
    0.1,
    0.1
  ],
  "oram_config": {
    "num_samples": 5000,
    "block_size": 4096,
    "backend": "file",
    "total_size_mb": 19.53125,
    "storage_path": "/var/folders/8r/0twg94tn14b7_41wwk7fg_740000gn/T/oram_cifar_c8r9s6_c/oram.bin",
    "tree_height": null
  },
  "total_time": 86.43539619445801,
  "best_acc": 29.0
}