{
  "epochs": [
    1,
    2,
    3
  ],
  "train_loss": [
    1.8885134947605622,
    1.304235922984588,
    1.0156315024082476
  ],
  "train_acc": [
    32.51602564102564,
    52.52003205128205,
    63.671875
  ],
  "test_loss": [
    0,
    0,
    0.8960904821753501
  ],
  "test_acc": [
    0,
    0,
    68.49
  ],
  "lr": [
    0.1,
    0.1,
    0.1
  ],
  "total_time": 415.9891290664673,
  "best_acc": 68.49
}