{
  "summary": {
    "timings": {
      "oram_init": {
        "total_time": 2.7391542500117794,
        "call_count": 1,
        "avg_time": 2.7391542500117794,
        "min_time": 2.7391542500117794,
        "max_time": 2.7391542500117794
      },
      "serialize": {
        "total_time": 0.04666490860108752,
        "call_count": 5000,
        "avg_time": 9.332981720217504e-06,
        "min_time": 4.249988705851138e-06,
        "max_time": 0.00013404199853539467
      },
      "oram_write": {
        "total_time": 2.4165944796113763,
        "call_count": 5000,
        "avg_time": 0.0004833188959222753,
        "min_time": 0.00029570799961220473,
        "max_time": 0.001378749991999939
      },
      "io": {
        "total_time": 7.267129493498942,
        "call_count": 14984,
        "avg_time": 0.0004849926250332983,
        "min_time": 0.00023616699036210775,
        "max_time": 0.013106415994116105
      },
      "setup": {
        "total_time": 6.673305875010556,
        "call_count": 1,
        "avg_time": 6.673305875010556,
        "min_time": 6.673305875010556,
        "max_time": 6.673305875010556
      },
      "shuffle": {
        "total_time": 0.001008749008178711,
        "call_count": 2,
        "avg_time": 0.0005043745040893555,
        "min_time": 7.670800550840795e-05,
        "max_time": 0.000932041002670303
      },
      "oram_read": {
        "total_time": 4.8212353061680915,
        "call_count": 9984,
        "avg_time": 0.00048289616447997713,
        "min_time": 0.0002349170099478215,
        "max_time": 0.013093166999169625
      },
      "deserialize": {
        "total_time": 0.024733266545808874,
        "call_count": 9984,
        "avg_time": 2.4772903190914335e-06,
        "min_time": 1.2079981388524175e-06,
        "max_time": 9.545800276100636e-05
      },
      "dataload": {
        "total_time": 6.698645444237627,
        "call_count": 9984,
        "avg_time": 0.0006709380452962366,
        "min_time": 0.0003502919862512499,
        "max_time": 0.013552040996728465
      },
      "transfer": {
        "total_time": 0.008948583010351285,
        "call_count": 78,
        "avg_time": 0.00011472542320963186,
        "min_time": 8.929199248086661e-05,
        "max_time": 0.0002691670088097453
      },
      "compute": {
        "total_time": 0.7392299650382483,
        "call_count": 156,
        "avg_time": 0.004738653622040054,
        "min_time": 0.0032707080099498853,
        "max_time": 0.012448209003196098
      },
      "batch": {
        "total_time": 17.772175375925144,
        "call_count": 78,
        "avg_time": 0.22784840225545056,
        "min_time": 0.21753050001279917,
        "max_time": 0.2449779159942409
      },
      "epoch": {
        "total_time": 54.41520929336548,
        "call_count": 2,
        "avg_time": 27.20760464668274,
        "min_time": 12.14233112335205,
        "max_time": 42.27287817001343
      }
    },
    "memory": {
      "peak_rss_mb": 158.84375,
      "peak_vms_mb": 425794.40625,
      "sample_count": 4
    },
    "epochs": 2,
    "total_batches": 78
  },
  "overhead_breakdown": {
    "oram_init": 2.6433580300894977,
    "serialize": 0.0450329005288938,
    "oram_write": 2.3320791164364736,
    "io": 7.012976761808154,
    "setup": 6.439920888674566,
    "shuffle": 0.0009734701107477043,
    "oram_read": 4.652622633959229,
    "deserialize": 0.02386827201641772,
    "dataload": 6.464374259197639,
    "transfer": 0.008635624940885604,
    "compute": 0.713376935292428,
    "batch": 17.150630524698833,
    "epoch": 52.51215058224623
  },
  "epoch_data": [
    {
      "epoch": 1,
      "timings": {
        "oram_init": {
          "total_time": 2.7391542500117794,
          "call_count": 1,
          "avg_time": 2.7391542500117794,
          "min_time": 2.7391542500117794,
          "max_time": 2.7391542500117794
        },
        "serialize": {
          "total_time": 0.04666490860108752,
          "call_count": 5000,
          "avg_time": 9.332981720217504e-06,
          "min_time": 4.249988705851138e-06,
          "max_time": 0.00013404199853539467
        },
        "oram_write": {
          "total_time": 2.4165944796113763,
          "call_count": 5000,
          "avg_time": 0.0004833188959222753,
          "min_time": 0.00029570799961220473,
          "max_time": 0.001378749991999939
        },
        "io": {
          "total_time": 4.743327054777183,
          "call_count": 9992,
          "avg_time": 0.0004747124754580847,
          "min_time": 0.0002548339980421588,
          "max_time": 0.013106415994116105
        },
        "setup": {
          "total_time": 6.673305875010556,
          "call_count": 1,
          "avg_time": 6.673305875010556,
          "min_time": 6.673305875010556,
          "max_time": 6.673305875010556
        },
        "shuffle": {
          "total_time": 0.000932041002670303,
          "call_count": 1,
          "avg_time": 0.000932041002670303,
          "min_time": 0.000932041002670303,
          "max_time": 0.000932041002670303
        },
        "oram_read": {
          "total_time": 2.30808095462271,
          "call_count": 4992,
          "avg_time": 0.0004623559604612801,
          "min_time": 0.00025308299518655986,
          "max_time": 0.013093166999169625
        },
        "deserialize": {
          "total_time": 0.011793848709203303,
          "call_count": 4992,
          "avg_time": 2.362549821555149e-06,
          "min_time": 1.2079981388524175e-06,
          "max_time": 9.545800276100636e-05
        },
        "dataload": {
          "total_time": 3.205258123445674,
          "call_count": 4992,
          "avg_time": 0.000642078951010752,
          "min_time": 0.0003502919862512499,
          "max_time": 0.013552040996728465
        },
        "transfer": {
          "total_time": 0.004256251981132664,
          "call_count": 39,
          "avg_time": 0.00010913466618288882,
          "min_time": 9.024998871609569e-05,
          "max_time": 0.00017041699902620167
        },
        "compute": {
          "total_time": 0.35573975201987196,
          "call_count": 78,
          "avg_time": 0.00456076605153682,
          "min_time": 0.0032707080099498853,
          "max_time": 0.00804987498850096
        },
        "batch": {
          "total_time": 8.8823706680123,
          "call_count": 39,
          "avg_time": 0.22775309405159744,
          "min_time": 0.21753050001279917,
          "max_time": 0.2449779159942409
        }
      },
      "memory": {
        "peak_rss_mb": 82.984375,
        "peak_vms_mb": 425555.625,
        "sample_count": 1
      },
      "metrics": {
        "train_loss": 3.5470460072541847,
        "train_acc": 10.536858974358974,
        "lr": 0.1
      }
    },
    {
      "epoch": 2,
      "timings": {
        "oram_init": {
          "total_time": 2.7391542500117794,
          "call_count": 1,
          "avg_time": 2.7391542500117794,
          "min_time": 2.7391542500117794,
          "max_time": 2.7391542500117794
        },
        "serialize": {
          "total_time": 0.04666490860108752,
          "call_count": 5000,
          "avg_time": 9.332981720217504e-06,
          "min_time": 4.249988705851138e-06,
          "max_time": 0.00013404199853539467
        },
        "oram_write": {
          "total_time": 2.4165944796113763,
          "call_count": 5000,
          "avg_time": 0.0004833188959222753,
          "min_time": 0.00029570799961220473,
          "max_time": 0.001378749991999939
        },
        "io": {
          "total_time": 7.267129493498942,
          "call_count": 14984,
          "avg_time": 0.0004849926250332983,
          "min_time": 0.00023616699036210775,
          "max_time": 0.013106415994116105
        },
        "setup": {
          "total_time": 6.673305875010556,
          "call_count": 1,
          "avg_time": 6.673305875010556,
          "min_time": 6.673305875010556,
          "max_time": 6.673305875010556
        },