{
  "epochs": [
    1,
    2
  ],
  "train_loss": [
    2.8265723295700855,
    1.9624453951150944
  ],
  "train_acc": [
    16.666666666666668,
    26.051682692307693
  ],
  "test_loss": [
    0,
    1.8559785326824914
  ],
  "test_acc": [
    0,
    30.4
  ],
  "lr": [
    0.1,
    0.1
  ],
  "oram_config": {
    "num_samples": 10000,
    "block_size": 4096,
    "backend": "file",
    "total_size_mb": 39.0625,
    "storage_path": "/var/folders/8r/0twg94tn14b7_41wwk7fg_740000gn/T/oram_cifar_u5ikb1p1/oram.bin",
    "tree_height": null
  },
  "total_time": 128.311870098114,
  "best_acc": 30.4
}