{
  "epochs": [
    1,
    2
  ],
  "train_loss": [
    2.728537136163467,
    1.9286537858156056
  ],
  "train_acc": [
    16.03565705128205,
    26.622596153846153
  ],
  "test_loss": [
    0,
    1.9134242157392864
  ],
  "test_acc": [
    0,
    29.81
  ],
  "lr": [
    0.1,
    0.1
  ],
  "oram_config": {
    "num_samples": 10000,
    "block_size": 16384,
    "backend": "file",
    "total_size_mb": 156.25,
    "storage_path": "/var/folders/8r/0twg94tn14b7_41wwk7fg_740000gn/T/oram_cifar__syu_en8/oram.bin",
    "tree_height": null
  },
  "total_time": 117.80844712257385,
  "best_acc": 29.81
}